{
  "project_info": {
    "project_number": "510075343774",
    "project_id": "flash-chat-d05da",
    "storage_bucket": "flash-chat-d05da.appspot.com"
  },
  "client": [
    {
      "client_info": {
        "mobilesdk_app_id": "1:510075343774:android:eb421f2b650d6b25ed7c8f",
        "android_client_info": {
          "package_name": "com.asmita.flash_chat"
        }
      },
      "oauth_client": [
        {
          "client_id": "510075343774-d7hrve2pmq968k98vneu56njinscrqea.apps.googleusercontent.com",
          "client_type": 3
        }
      ],
      "api_key": [
        {
          "current_key": "AIzaSyCq_M5LPboKU6Q9jmp2lA_GqJ-znDF10B0"
        }
      ],
      "services": {
        "appinvite_service": {
          "other_platform_oauth_client": [
            {
              "client_id": "510075343774-d7hrve2pmq968k98vneu56njinscrqea.apps.googleusercontent.com",
              "client_type": 3
            }
          ]
        }
      }
    }
  ],
  "configuration_version": "1"
}